sample,od600
kanR_kanRpkan_0mM_t0,0.1506
kanR_kanRpkan_0mM_t60,0.2014
kanR_kanRpkan_0mM_t120,0.3086
kanR_kanRpkan_1mM_t0,0.1469
kanR_kanRpkan_1mM_t60,0.2177
kanR_kanRpkan_1mM_t120,0.2987
kanR_kanRmkan_0mM_t0,0.1571
kanR_kanRmkan_0mM_t60,0.2153
kanR_kanRmkan_0mM_t120,0.3007
kanR_kanRmkan_1mM_t0,0.1508
kanR_kanRmkan_1mM_t60,0.221
kanR_kanRmkan_1mM_t120,0.3062
pheS_pheSp4CP_0mM_t0,0.1561
pheS_pheSp4CP_0mM_t60,0.2153
pheS_pheSp4CP_0mM_t120,0.3113
pheS_pheSp4CP_1mM_t0,0.1494
pheS_pheSp4CP_1mM_t60,0.2108
pheS_pheSp4CP_1mM_t120,0.3081
pheS_pheSm4CP_0mM_t0,0.1524
pheS_pheSm4CP_0mM_t60,0.2115
pheS_pheSm4CP_0mM_t120,0.2986
pheS_pheSm4CP_1mM_t0,0.1587
pheS_pheSm4CP_1mM_t60,0.2158
pheS_pheSm4CP_1mM_t120,0.3085
