sample,library,replicate,condition_pre,t_pre,condition_sel,t_sel,titrant_name,titrant_conc
kanR_kanRpkan_0mM_t0,kanR,1,kanR-kan,30,kanR+kan,0,iptg,0.0
kanR_kanRpkan_0mM_t60,kanR,1,kanR-kan,30,kanR+kan,60,iptg,0.0
kanR_kanRpkan_0mM_t120,kanR,1,kanR-kan,30,kanR+kan,120,iptg,0.0
kanR_kanRpkan_1mM_t0,kanR,1,kanR-kan,30,kanR+kan,0,iptg,1.0
kanR_kanRpkan_1mM_t60,kanR,1,kanR-kan,30,kanR+kan,60,iptg,1.0
kanR_kanRpkan_1mM_t120,kanR,1,kanR-kan,30,kanR+kan,120,iptg,1.0
kanR_kanRmkan_0mM_t0,kanR,1,kanR-kan,30,kanR-kan,0,iptg,0.0
kanR_kanRmkan_0mM_t60,kanR,1,kanR-kan,30,kanR-kan,60,iptg,0.0
kanR_kanRmkan_0mM_t120,kanR,1,kanR-kan,30,kanR-kan,120,iptg,0.0
kanR_kanRmkan_1mM_t0,kanR,1,kanR-kan,30,kanR-kan,0,iptg,1.0
kanR_kanRmkan_1mM_t60,kanR,1,kanR-kan,30,kanR-kan,60,iptg,1.0
kanR_kanRmkan_1mM_t120,kanR,1,kanR-kan,30,kanR-kan,120,iptg,1.0
pheS_pheSp4CP_0mM_t0,pheS,1,pheS-4CP,30,pheS+4CP,0,iptg,0.0
pheS_pheSp4CP_0mM_t60,pheS,1,pheS-4CP,30,pheS+4CP,60,iptg,0.0
pheS_pheSp4CP_0mM_t120,pheS,1,pheS-4CP,30,pheS+4CP,120,iptg,0.0
pheS_pheSp4CP_1mM_t0,pheS,1,pheS-4CP,30,pheS+4CP,0,iptg,1.0
pheS_pheSp4CP_1mM_t60,pheS,1,pheS-4CP,30,pheS+4CP,60,iptg,1.0
pheS_pheSp4CP_1mM_t120,pheS,1,pheS-4CP,30,pheS+4CP,120,iptg,1.0
pheS_pheSm4CP_0mM_t0,pheS,1,pheS-4CP,30,pheS-4CP,0,iptg,0.0
pheS_pheSm4CP_0mM_t60,pheS,1,pheS-4CP,30,pheS-4CP,60,iptg,0.0
pheS_pheSm4CP_0mM_t120,pheS,1,pheS-4CP,30,pheS-4CP,120,iptg,0.0
pheS_pheSm4CP_1mM_t0,pheS,1,pheS-4CP,30,pheS-4CP,0,iptg,1.0
pheS_pheSm4CP_1mM_t60,pheS,1,pheS-4CP,30,pheS-4CP,60,iptg,1.0
pheS_pheSm4CP_1mM_t120,pheS,1,pheS-4CP,30,pheS-4CP,120,iptg,1.0
