od600,colonies,dilution,plated_volume_mL,num_dilutions,plating_steps
0.1192,97,100000.0,0.1,5,1
0.1477,131,100000.0,0.1,5,1
0.1842,151,100000.0,0.1,5,1
0.2146,186,100000.0,0.1,5,1
0.2448,207,100000.0,0.1,5,1
0.2795,240,100000.0,0.1,5,1
0.3126,239,100000.0,0.1,5,1
0.3424,317,100000.0,0.1,5,1
0.3782,344,100000.0,0.1,5,1
0.4067,347,100000.0,0.1,5,1
0.4452,379,100000.0,0.1,5,1
0.4669,411,100000.0,0.1,5,1
0.504,438,100000.0,0.1,5,1
0.5335,483,100000.0,0.1,5,1
0.5735,479,100000.0,0.1,5,1
0.5997,527,100000.0,0.1,5,1
