dilution,od600
1.0,0.5893
1.0,0.6039
1.0,0.6042
1.0,0.6119
1.0,0.6056
1.0,0.604
1.0,0.588
1.0,0.6141
1.0,0.6065
1.0,0.6303
0.3333333333333333,0.2582
0.3333333333333333,0.2655
0.3333333333333333,0.2713
0.3333333333333333,0.2583
0.3333333333333333,0.2624
0.3333333333333333,0.2627
0.3333333333333333,0.2592
0.3333333333333333,0.2647
0.3333333333333333,0.2646
0.3333333333333333,0.2723
0.1111111111111111,0.1426
0.1111111111111111,0.1474
0.1111111111111111,0.1491
0.1111111111111111,0.1465
0.1111111111111111,0.1456
0.1111111111111111,0.1504
0.1111111111111111,0.144
0.1111111111111111,0.1456
0.1111111111111111,0.1467
0.1111111111111111,0.1442
0.037037037037037035,0.1074
0.037037037037037035,0.1042
0.037037037037037035,0.1085
0.037037037037037035,0.1075
0.037037037037037035,0.1044
0.037037037037037035,0.1078
0.037037037037037035,0.1085
0.037037037037037035,0.1063
0.037037037037037035,0.1064
0.037037037037037035,0.1086
0.012345679012345678,0.0931
0.012345679012345678,0.0972
0.012345679012345678,0.0975
0.012345679012345678,0.0942
0.012345679012345678,0.093
0.012345679012345678,0.0967
0.012345679012345678,0.0946
0.012345679012345678,0.0947
0.012345679012345678,0.0948
0.012345679012345678,0.0953
0.00411522633744856,0.0895
0.00411522633744856,0.0941
0.00411522633744856,0.0889
0.00411522633744856,0.0899
0.00411522633744856,0.0897
0.00411522633744856,0.0925
0.00411522633744856,0.0907
0.00411522633744856,0.0904
0.00411522633744856,0.0903
0.00411522633744856,0.0913
