genotype,titrant_name,titrant_conc,theta_obs,theta_std,tx,pred
wt,iptg,1.0000000000000002e-06,1.0,0.02,0.03319,0.0325074892694423
wt,iptg,1e-05,0.9999486918554896,0.02,0.03438,0.0325429419176557
wt,iptg,5e-05,0.99965448719439,0.02,0.03857,0.0327462300009073
wt,iptg,0.0001,0.999230862045318,0.02,0.0313,0.033038944413555
wt,iptg,0.001,0.9893069712510466,0.02,0.03831,0.0398961054470507
wt,iptg,0.01,0.8716136953310932,0.02,0.10882,0.1212192237958176
wt,iptg,0.05,0.5536104321922627,0.02,0.36842,0.3409515475109122
wt,iptg,0.1,0.4008984423004603,0.02,0.42031,0.4464717238351166
wt,iptg,0.5,0.2144125614277484,0.02,0.55148,0.5753288164943452
wt,iptg,1.0,0.1884139823938532,0.02,0.65099,0.593293186193012
wt,iptg,5.0,0.1693386124190261,0.02,0.5787,0.6064737910991447
M42I,iptg,1.0000000000000002e-06,0.953893316490766,0.02,0.04473,0.0643660576573317
M42I,iptg,1e-05,0.953892988996498,0.02,0.0921,0.0643662839477031
M42I,iptg,5e-05,0.9538894540002996,0.02,0.1035,0.0643687265419121
M42I,iptg,0.0001,0.9538822538506904,0.02,0.05149,0.0643737016657178
M42I,iptg,0.001,0.953530635224852,0.02,0.04986,0.0646166613666792
M42I,iptg,0.01,0.9423020414526296,0.02,0.04821,0.0723753396181854
M42I,iptg,0.05,0.8492921911995968,0.02,0.14187,0.1366428264444751
M42I,iptg,0.1,0.7452784909121482,0.02,0.20963,0.2085136992046348
M42I,iptg,0.5,0.5462891552181091,0.02,0.33648,0.3460103673048157
M42I,iptg,1.0,0.5206084999876459,0.02,0.3696,0.3637550595844429
M42I,iptg,5.0,0.5067784537586233,0.02,0.37523,0.3733112766024539
H74A,iptg,1.0000000000000002e-06,0.7114864546062656,0.02,0.21933,0.2318631535066644
H74A,iptg,1e-05,0.7107213978937774,0.02,0.23207,0.2323917886142089
H74A,iptg,5e-05,0.7059411643394218,0.02,0.24492,0.2356948107795533
H74A,iptg,0.0001,0.6988085919551548,0.02,0.24341,0.2406232404082043
H74A,iptg,0.001,0.5520945413110402,0.02,0.34423,0.3419989903029823
H74A,iptg,0.01,0.1274939955754215,0.02,0.62685,0.635387377718534
H74A,iptg,0.05,0.0217483628122066,0.02,0.71618,0.7084549726244399
H74A,iptg,0.1,0.0095827000531393,0.02,0.75941,0.7168611421750241
H74A,iptg,0.5,0.0013286288176694,0.02,0.68568,0.7225644995392783
H74A,iptg,1.0,0.0005283456158361,0.02,0.75344,0.723117475272399
H74A,iptg,5.0,0.0,0.02,0.68692,0.7234825489158153
K84L,iptg,1.0000000000000002e-06,0.8567333600296412,0.02,0.12843,0.1315011643682964
K84L,iptg,1e-05,0.8562876846244624,0.02,0.1325,0.1318091149579728
K84L,iptg,5e-05,0.8541164692025488,0.02,0.13814,0.1333093706636346
K84L,iptg,0.0001,0.8513059802579385,0.02,0.1323,0.1352513484297722
K84L,iptg,0.001,0.8071071892140345,0.02,0.16674,0.1657916107076314
K84L,iptg,0.01,0.6884796411143621,0.02,0.2459,0.2477602878315054
K84L,iptg,0.05,0.6498288130279972,0.02,0.27462,0.2744670460738632
K84L,iptg,0.1,0.6441865035861404,0.02,0.2861,0.2783657411769935
K84L,iptg,0.5,0.6397193318983133,0.02,0.27298,0.2814524454004404
K84L,iptg,1.0,0.639190946339544,0.02,0.29024,0.2818175466434273
K84L,iptg,5.0,0.6387903861503101,0.02,0.27567,0.2820943237440751
M42I/H74A,iptg,1e-06,0.9352231568460652,0.02,0.07359,0.0772666723314361
M42I/H74A,iptg,1e-05,0.9351695585080304,0.02,0.07334,0.0773037074462567
M42I/H74A,iptg,5e-05,0.9346619074083864,0.02,0.08042,0.0776544816951127
M42I/H74A,iptg,0.0001,0.9337003415623047,0.02,0.07603,0.0783188997129628
M42I/H74A,iptg,0.001,0.8959094477807774,0.02,0.11335,0.1044314647977435
M42I/H74A,iptg,0.01,0.5345287098940694,0.02,0.34835,0.3541365417140618
M42I/H74A,iptg,0.05,0.3520769149546878,0.02,0.49684,0.4802061816048888
M42I/H74A,iptg,0.1,0.3331344844477203,0.02,0.4939,0.493294928654288
M42I/H74A,iptg,0.5,0.322654558994817,0.02,0.49376,0.5005362957691974
M42I/H74A,iptg,1.0,0.3219169669542346,0.02,0.49226,0.5010459534734335
M42I/H74A,iptg,5.0,0.3215277787614279,0.02,0.50367,0.5013148728081718
M42I/K84L,iptg,1e-06,0.9683675864574328,0.02,0.05772,0.0543646981037763
M42I/K84L,iptg,1e-05,0.9681226972740092,0.02,0.0517,0.0545339104218993
M42I/K84L,iptg,5e-05,0.9671563515104652,0.02,0.05445,0.055201631243503
M42I/K84L,iptg,0.0001,0.9660746580444932,0.02,0.05584,0.0559490544506721
M42I/K84L,iptg,0.001,0.955031941420489,0.02,0.06429,0.0635792962286015
M42I/K84L,iptg,0.01,0.9400391238636282,0.02,0.07275,0.0739389592342206
M42I/K84L,iptg,0.05,0.93652844548314,0.02,0.07549,0.0763647504375777
M42I/K84L,iptg,0.1,0.9359955485584656,0.02,0.07976,0.07673296892189
M42I/K84L,iptg,0.5,0.935535374293926,0.02,0.07818,0.0770509378617778
M42I/K84L,iptg,1.0,0.9354732543502144,0.02,0.07667,0.0770938611935892
M42I/K84L,iptg,5.0,0.9354210517321068,0.02,0.07509,0.0771299319007498
M42I/H74A/K84L,iptg,1e-06,0.9540646025403652,0.02,0.06349,0.0642477032689933
M42I/H74A/K84L,iptg,1e-05,0.951717377997438,0.02,0.06757,0.0658695768875458
M42I/H74A/K84L,iptg,5e-05,0.9484883052032403,0.02,0.07031,0.0681007856541189
M42I/H74A/K84L,iptg,0.0001,0.9465475433737168,0.02,0.06448,0.0694418036750333
M42I/H74A/K84L,iptg,0.001,0.9377948977858296,0.02,0.07872,0.0754896634821874
M42I/H74A/K84L,iptg,0.01,0.9279781766239802,0.02,0.07996,0.0822727729725281
M42I/H74A/K84L,iptg,0.05,0.9226768211461168,0.02,0.08703,0.0859358773900515
M42I/H74A/K84L,iptg,0.1,0.92097180984592,0.02,0.08553,0.0871139976749025
M42I/H74A/K84L,iptg,0.5,0.9182029699715588,0.02,0.09261,0.0890271969722407
M42I/H74A/K84L,iptg,1.0,0.9174199028953328,0.02,0.08822,0.089568276791943
M42I/H74A/K84L,iptg,5.0,0.916241758443706,0.02,0.08953,0.0903823452246778
