genotype,counts
wt,2004
M42I/K84L,734
H74A/K84L,560
H29T/L63V,1661
V30L/L63R,753
V30Y/L63S,1073
V30R/L63N,2076
V30T/L62S,1246
V30P/L62D,733
H29V/L62F,1343
H29N/L63G,1046
H29N/L63D,1006
V30F/L62F,1779
V30T/L63R,906
H29G/L63D,487
H29C/L62A,964
H29L/L62C,1270
V30P/L62S,1789
L63F,1149
V30R/L62Y,2664
H29L/L63V,2466
H29N/L62F,661
H29S/L62A,760
H29Y/L63Y,1311
H29D/L62C,1218
H29Y/L63T,4149
V30H/L63N,763
H29A/L63S,1759
V30C/L63R,2067
V30D/L63S,1730
L62D,940
V30D/L62I,1448
H29P/L62V,2979
__unknown__,2506
